Rank,Symbol,Company,Signal Type,Crossover Date,Close,SMA 6,SMA 30
1,AXISBANK,Axis Bank Ltd.,Bearish Crossover,2026-09-15,1224.5,1244.32,1247.43
2,BAJAJ-AUTO,Bajaj Auto Ltd.,Bearish Crossover,2026-09-15,11469.0,11730.83,11782.37
3,ETERNAL,Eternal Ltd.,Bearish Crossover,2026-09-15,316.6,320.87,321.34
4,GAIL,GAIL (India) Ltd.,Bearish Crossover,2026-09-15,170.32,174.07,174.14
5,GRASIM,Grasim Industries Ltd.,Bearish Crossover,2026-09-15,3175.8,3280.98,3284.76
6,HINDZINC,Hindustan Zinc Ltd.,Bearish Crossover,2026-09-15,563.45,587.26,588.64
7,JINDALSTEL,Jindal Steel Ltd.,Bearish Crossover,2026-09-15,1090.5,1129.78,1132.43
8,MAXHEALTH,Max Healthcare Institute Ltd.,Bullish Crossover,2026-09-15,1040.1,1023.15,1021.44
9,PNB,Punjab National Bank,Bearish Crossover,2026-09-15,115.06,115.98,115.98
10,ADANIENT,Adani Enterprises Ltd.,Bullish Crossover,2026-09-11,3060.0,3013.83,3011.8
11,APOLLOHOSP,Apollo Hospitals Enterprise Ltd.,Bullish Crossover,2026-09-11,8836.0,8825.08,8810.37
12,BEL,Bharat Electronics Ltd.,Bearish Crossover,2026-09-11,404.35,405.88,406.51
13,DLF,DLF Ltd.,Bearish Crossover,2026-09-11,644.5,664.19,667.12
14,JSWSTEEL,JSW Steel Ltd.,Bearish Crossover,2026-09-11,1265.0,1300.55,1301.77
15,TATACAP,Tata Capital Ltd.,Bearish Crossover,2026-09-11,362.9,367.02,367.48
16,UNIONBANK,Union Bank of India,Bearish Crossover,2026-09-11,178.1,182.94,183.98
17,SIEMENS,Siemens Ltd.,Bearish Crossover,2026-09-10,3954.4,3964.8,3976.73
18,ZYDUSLIFE,Zydus Lifesciences Ltd.,Bearish Crossover,2026-09-10,1117.8,1135.1,1139.01
19,ADANIPOWER,Adani Power Ltd.,Bullish Crossover,2026-09-09,214.9,208.5,207.63
20,HAL,Hindustan Aeronautics Ltd.,Bullish Crossover,2026-09-09,5000.5,4881.4,4877.9
21,RELIANCE,Reliance Industries Ltd.,Bearish Crossover,2026-09-09,1279.0,1303.5,1307.89
22,ADANIPORTS,Adani Ports and Special Economic Zone Ltd.,Bullish Crossover,2026-09-08,1710.0,1689.72,1687.31
23,BPCL,Bharat Petroleum Corporation Ltd.,Bearish Crossover,2026-09-08,303.85,314.96,317.28
24,ICICIBANK,ICICI Bank Ltd.,Bearish Crossover,2026-09-08,1399.4,1424.1,1428.69
25,MOTHERSON,Samvardhana Motherson International Ltd.,Bearish Crossover,2026-09-08,163.85,162.91,163.26
26,TITAN,Titan Company Ltd.,Bearish Crossover,2026-09-08,4987.0,5025.5,5033.52
27,TMCV,Tata Motors Ltd.,Bearish Crossover,2026-09-08,456.05,457.68,459.75
28,TORNTPHARM,Torrent Pharmaceuticals Ltd.,Bearish Crossover,2026-09-08,4960.0,4935.67,4950.23
29,COALINDIA,Coal India Ltd.,Bullish Crossover,2026-09-07,418.85,412.57,409.86
30,HYUNDAI,Hyundai Motor India Ltd.,Bearish Crossover,2026-09-07,2210.0,2184.37,2188.76
31,LTM,LTM Ltd.,Bearish Crossover,2026-09-07,4448.0,4552.5,4573.29
32,TECHM,Tech Mahindra Ltd.,Bearish Crossover,2026-09-07,1564.0,1607.98,1619.69
33,VEDL,Vedanta Ltd.,Bearish Crossover,2026-09-07,268.0,272.25,272.67
34,BAJAJHLDNG,Bajaj Holdings & Investment Ltd.,Bearish Crossover,2026-09-04,11162.0,11286.83,11315.63
35,MAZDOCK,Mazagoan Dock Shipbuilders Ltd.,Bearish Crossover,2026-09-04,2475.0,2488.0,2493.49
36,MUTHOOTFIN,Muthoot Finance Ltd.,Bearish Crossover,2026-09-04,2913.8,2958.68,2970.9
37,EICHERMOT,Eicher Motors Ltd.,Bearish Crossover,2026-09-03,7690.0,7914.0,7954.67
38,HDFCAMC,HDFC Asset Management Company Ltd.,Bearish Crossover,2026-09-03,2510.8,2557.92,2560.32
39,HINDALCO,Hindalco Industries Ltd.,Bearish Crossover,2026-09-03,1010.0,1018.49,1019.95
40,LT,Larsen & Toubro Ltd.,Bearish Crossover,2026-09-03,3975.0,4008.97,4011.79
41,PIDILITIND,Pidilite Industries Ltd.,Bearish Crossover,2026-09-03,1638.3,1648.67,1652.1
42,TVSMOTOR,TVS Motor Company Ltd.,Bearish Crossover,2026-09-03,4200.0,4276.38,4301.24
43,ABB,ABB India Ltd.,Bearish Crossover,2026-09-02,7447.5,7515.0,7525.92
44,BAJAJFINSV,Bajaj Finserv Ltd.,Bearish Crossover,2026-09-02,1990.0,2001.0,2001.58
45,CHOLAFIN,Cholamandalam Investment and Finance Company Ltd.,Bearish Crossover,2026-09-02,1825.9,1850.73,1854.41
46,DRREDDY,Dr. Reddy's Laboratories Ltd.,Bearish Crossover,2026-09-02,1156.5,1169.82,1172.63
47,HDFCLIFE,HDFC Life Insurance Company Ltd.,Bearish Crossover,2026-09-02,533.0,544.27,545.04
48,LODHA,Lodha Developers Ltd.,Bearish Crossover,2026-09-02,1208.3,1231.02,1232.78
49,SHRIRAMFIN,Shriram Finance Ltd.,Bearish Crossover,2026-09-02,1047.0,1086.9,1093.24
50,M&M,Mahindra & Mahindra Ltd.,Bearish Crossover,2026-09-01,3259.0,3341.03,3365.55
51,SBIN,State Bank of India,Bearish Crossover,2026-09-01,1034.5,1047.48,1047.71
52,UNITDSPR,United Spirits Ltd.,Bearish Crossover,2026-09-01,1470.0,1513.42,1514.23
53,CANBK,Canara Bank,Bearish Crossover,2026-08-31,126.9,128.16,128.34
54,BAJFINANCE,Bajaj Finance Ltd.,Bearish Crossover,2026-08-28,1079.9,1084.55,1086.97
55,CGPOWER,CG Power and Industrial Solutions Ltd.,Bullish Crossover,2026-08-28,889.0,879.16,877.37
56,ENRIN,Siemens Energy India Ltd.,Bearish Crossover,2026-08-28,3242.6,3355.97,3382.59
57,HCLTECH,HCL Technologies Ltd.,Bearish Crossover,2026-08-27,1282.0,1306.53,1315.65
58,BHARTIARTL,Bharti Airtel Ltd.,Bearish Crossover,2026-08-24,1935.0,1941.37,1941.58
59,BRITANNIA,Britannia Industries Ltd.,Bearish Crossover,2026-08-24,5311.0,5448.83,5464.82
60,DMART,Avenue Supermarts Ltd.,Bearish Crossover,2026-08-24,3940.0,3957.83,3970.4
61,INFY,Infosys Ltd.,Bearish Crossover,2026-08-24,1130.0,1125.95,1126.2
62,INDIGO,InterGlobe Aviation Ltd.,Bearish Crossover,2026-08-21,5110.0,5212.25,5242.13
63,JIOFIN,Jio Financial Services Ltd.,Bearish Crossover,2026-08-21,244.0,246.06,246.83
64,TATAPOWER,Tata Power Co. Ltd.,Bearish Crossover,2026-08-21,374.3,378.83,378.99
65,TCS,Tata Consultancy Services Ltd.,Bearish Crossover,2026-08-21,2302.0,2307.2,2325.61
66,TRENT,Trent Ltd.,Bearish Crossover,2026-08-21,2924.0,2952.18,2959.93
67,WIPRO,Wipro Ltd.,Bearish Crossover,2026-08-21,180.79,180.88,181.1
68,BANKBARODA,Bank of Baroda,Bearish Crossover,2026-08-20,244.5,246.04,246.7
69,NESTLEIND,Nestle India Ltd.,Bearish Crossover,2026-08-20,1458.0,1476.92,1479.15
70,CIPLA,Cipla Ltd.,Bearish Crossover,2026-08-19,1422.0,1442.73,1443.78
71,MARUTI,Maruti Suzuki India Ltd.,Bearish Crossover,2026-08-19,13690.0,13792.5,13826.83
72,TMPV,Tata Motors Passenger Vehicles Ltd.,Bearish Crossover,2026-08-19,321.3,333.57,336.11
73,ASIANPAINT,Asian Paints Ltd.,Bearish Crossover,2026-08-18,2628.4,2707.2,2708.47
74,ULTRACEMCO,UltraTech Cement Ltd.,Bearish Crossover,2026-08-18,11499.0,11696.0,11703.77
75,IOC,Indian Oil Corporation Ltd.,Bearish Crossover,2026-08-17,138.61,140.35,140.81
76,TATASTEEL,Tata Steel Ltd.,Bearish Crossover,2026-08-14,183.5,186.76,187.42
77,SBILIFE,SBI Life Insurance Company Ltd.,Bearish Crossover,2026-08-13,1812.0,1841.93,1847.45
78,AMBUJACEM,Ambuja Cements Ltd.,Bearish Crossover,2026-08-12,421.0,431.89,433.1
79,INDHOTEL,Indian Hotels Co. Ltd.,Bearish Crossover,2026-08-12,724.0,730.79,734.29
80,ITC,ITC Ltd.,Bearish Crossover,2026-08-12,276.15,282.79,283.27
81,SUNPHARMA,Sun Pharmaceutical Industries Ltd.,Bearish Crossover,2026-08-12,1944.0,1944.4,1944.49
82,IRFC,Indian Railway Finance Corporation Ltd.,Bearish Crossover,2026-08-11,87.91,88.83,88.91
83,RECLTD,REC Ltd.,Bearish Crossover,2026-08-11,344.7,358.49,360.75
84,GODREJCP,Godrej Consumer Products Ltd.,Bearish Crossover,2026-08-10,1033.0,1062.23,1066.93
85,PFC,Power Finance Corporation Ltd.,Bearish Crossover,2026-08-10,385.15,413.78,414.96
86,SHREECEM,Shree Cement Ltd.,Bearish Crossover,2026-08-10,26100.0,26525.83,26535.33
87,ADANIENSOL,Adani Energy Solutions Ltd.,Bearish Crossover,2026-08-07,1630.1,1638.42,1644.78
88,SOLARINDS,Solar Industries India Ltd.,Bullish Crossover,2026-08-04,18700.0,18354.5,18352.8
89,KOTAKBANK,Kotak Mahindra Bank Ltd.,Bullish Crossover,2026-08-03,397.5,389.56,388.48
90,POWERGRID,Power Grid Corporation of India Ltd.,Bearish Crossover,2026-07-31,284.25,285.86,286.19
91,ONGC,Oil & Natural Gas Corporation Ltd.,Bearish Crossover,2026-07-30,241.59,243.08,243.48
92,ADANIGREEN,Adani Green Energy Ltd.,Bearish Crossover,2026-07-23,1379.9,1496.95,1513.94
93,HDFCBANK,HDFC Bank Ltd.,Bearish Crossover,2026-07-22,753.15,789.26,793.58
94,HINDUNILVR,Hindustan Unilever Ltd.,Bearish Crossover,2026-07-14,2120.2,2148.42,2156.86
95,DIVISLAB,Divi's Laboratories Ltd.,Bullish Crossover,2026-07-07,6771.5,6698.83,6676.97
96,CUMMINSIND,Cummins India Ltd.,Bearish Crossover,2026-07-01,5663.0,5632.83,5645.88
97,VBL,Varun Beverages Ltd.,Bearish Crossover,2026-06-24,506.7,521.51,523.37
98,BOSCHLTD,Bosch Ltd.,Bullish Crossover,2026-06-04,37000.0,36890.83,36798.33
99,TATACONSUM,Tata Consumer Products Ltd.,Bearish Crossover,2026-06-01,1143.3,1182.15,1182.9
100,NTPC,NTPC Ltd.,Bearish Crossover,2026-05-19,389.4,392.07,393.12
